<x:xmpmeta tsc:version="2.0.1" xmlns:x="adobe:ns:meta/" xmlns:tsc="http://www.techsmith.com/xmp/tsc/">
   <rdf:RDF xmlns:rdf="http://www.w3.org/1999/02/22-rdf-syntax-ns#" xmlns:xmp="http://ns.adobe.com/xap/1.0/" xmlns:xmpDM="http://ns.adobe.com/xmp/1.0/DynamicMedia/" xmlns:xmpG="http://ns.adobe.com/xap/1.0/g/" xmlns:xmpMM="http://ns.adobe.com/xap/1.0/mm/" xmlns:tscDM="http://www.techsmith.com/xmp/tscDM/" xmlns:tscIQ="http://www.techsmith.com/xmp/tscIQ/" xmlns:tscHS="http://www.techsmith.com/xmp/tscHS/" xmlns:stDim="http://ns.adobe.com/xap/1.0/sType/Dimensions#" xmlns:stFnt="http://ns.adobe.com/xap/1.0/sType/Font#" xmlns:exif="http://ns.adobe.com/exif/1.0" xmlns:dc="http://purl.org/dc/elements/1.1/">
      <rdf:Description dc:creator="@Nishava" dc:date="2017-12-20 04:34:09 PM" dc:source="Camtasia,9.1.1,enu" dc:title="L11Demo1" tscDM:firstFrame="L11Demo1_First_Frame.png" tscDM:originId="3F99A8B1-66E6-4C48-A618-B428E92BBD00" tscDM:project="L11Demo1">
         <xmpDM:duration xmpDM:scale="1/1000" xmpDM:value="806400"/>
         <xmpDM:videoFrameSize stDim:unit="pixel" stDim:h="624" stDim:w="1364"/>
         <tsc:langName>
            <rdf:Bag>
               <rdf:li xml:lang="en-US">English</rdf:li></rdf:Bag>
         </tsc:langName>
         <xmpDM:Tracks>
            <rdf:Bag>
               <rdf:li>
                  <rdf:Description xmpDM:trackType="TableOfContents" xmpDM:frameRate="f1000" xmpDM:trackName="Table of Contents">
                     <xmpDM:markers>
                        <rdf:Seq>
                           <rdf:li><rdf:Description xmpDM:name="  1. Azure Virtual Network Resources" xmpDM:startTime="0" tscDM:image="L11Demo1_Thumbnails.png" tscDM:imageindex="0" tscDM:imageoffset="0" tscDM:imagerect="0, 0, 75, 34"/></rdf:li><rdf:li><rdf:Description xmpDM:name="  2. Create VNet  and FrontEnd Subnet" xmpDM:startTime="13767" tscDM:image="L11Demo1_Thumbnails.png" tscDM:imageindex="1" tscDM:imageoffset="0" tscDM:imagerect="75, 0, 75, 34"/></rdf:li><rdf:li><rdf:Description xmpDM:name="  3. Create BackEnd Subnet" xmpDM:startTime="109167" tscDM:image="L11Demo1_Thumbnails.png" tscDM:imageindex="2" tscDM:imageoffset="0" tscDM:imagerect="150, 0, 75, 34"/></rdf:li><rdf:li><rdf:Description xmpDM:name="  4. Create Two VMs in VNet - WebFront" xmpDM:startTime="194500" tscDM:image="L11Demo1_Thumbnails.png" tscDM:imageindex="3" tscDM:imageoffset="0" tscDM:imagerect="225, 0, 75, 34"/></rdf:li><rdf:li><rdf:Description xmpDM:name="  5. Choose Size for VMs DS1_V2 Standard $92" xmpDM:startTime="261467" tscDM:image="L11Demo1_Thumbnails.png" tscDM:imageindex="4" tscDM:imageoffset="0" tscDM:imagerect="300, 0, 75, 34"/></rdf:li><rdf:li><rdf:Description xmpDM:name="  6. Create DBServer VM" xmpDM:startTime="388067" tscDM:image="L11Demo1_Thumbnails.png" tscDM:imageindex="5" tscDM:imageoffset="0" tscDM:imagerect="375, 0, 75, 34"/></rdf:li><rdf:li><rdf:Description xmpDM:name="  7. Review All Resources" xmpDM:startTime="545867" tscDM:image="L11Demo1_Thumbnails.png" tscDM:imageindex="6" tscDM:imageoffset="0" tscDM:imagerect="450, 0, 75, 34"/></rdf:li><rdf:li><rdf:Description xmpDM:name="  8. Connect to VNet - RDP WebFront" xmpDM:startTime="567900" tscDM:image="L11Demo1_Thumbnails.png" tscDM:imageindex="7" tscDM:imageoffset="0" tscDM:imagerect="525, 0, 75, 34"/></rdf:li><rdf:li><rdf:Description xmpDM:name="  9. Confirm IP Address" xmpDM:startTime="678900" tscDM:image="L11Demo1_Thumbnails.png" tscDM:imageindex="8" tscDM:imageoffset="0" tscDM:imagerect="600, 0, 75, 34"/></rdf:li><rdf:li><rdf:Description xmpDM:name="10. DBServer Connect " xmpDM:startTime="776133" tscDM:image="L11Demo1_Thumbnails.png" tscDM:imageindex="9" tscDM:imageoffset="0" tscDM:imagerect="675, 0, 75, 34"/></rdf:li></rdf:Seq>
                     </xmpDM:markers>
                  </rdf:Description>
               </rdf:li>
            </rdf:Bag>
         </xmpDM:Tracks>
         <tscDM:controller>
            <rdf:Description xmpDM:name="tscplayer">
               <tscDM:parameters>
                  <rdf:Bag>
                     <rdf:li xmpDM:name="autohide" xmpDM:value="true"/><rdf:li xmpDM:name="autoplay" xmpDM:value="false"/><rdf:li xmpDM:name="loop" xmpDM:value="false"/><rdf:li xmpDM:name="searchable" xmpDM:value="true"/><rdf:li xmpDM:name="captionsenabled" xmpDM:value="false"/><rdf:li xmpDM:name="sidebarenabled" xmpDM:value="true"/><rdf:li xmpDM:name="unicodeenabled" xmpDM:value="false"/><rdf:li xmpDM:name="backgroundcolor" xmpDM:value="000000"/><rdf:li xmpDM:name="sidebarlocation" xmpDM:value="left"/><rdf:li xmpDM:name="endaction" xmpDM:value="stop"/><rdf:li xmpDM:name="endactionparam" xmpDM:value="true"/><rdf:li xmpDM:name="locale" xmpDM:value="en-US"/></rdf:Bag>
               </tscDM:parameters>
               <tscDM:controllerText>
                  <rdf:Bag>
                  </rdf:Bag>
               </tscDM:controllerText>
            </rdf:Description>
         </tscDM:controller>
         <tscDM:contentList>
            <rdf:Description>
               <tscDM:files>
                  <rdf:Seq>
                     <rdf:li xmpDM:name="0" xmpDM:value="L11Demo1.mp4"/><rdf:li xmpDM:name="1" xmpDM:value="L11Demo1_First_Frame.png"/><rdf:li xmpDM:name="2" xmpDM:value="L11Demo1_Thumbnails.png"/></rdf:Seq>
               </tscDM:files>
            </rdf:Description>
         </tscDM:contentList>
      </rdf:Description>
   </rdf:RDF>
</x:xmpmeta>