<x:xmpmeta tsc:version="2.0.1" xmlns:x="adobe:ns:meta/" xmlns:tsc="http://www.techsmith.com/xmp/tsc/">
   <rdf:RDF xmlns:rdf="http://www.w3.org/1999/02/22-rdf-syntax-ns#" xmlns:xmp="http://ns.adobe.com/xap/1.0/" xmlns:xmpDM="http://ns.adobe.com/xmp/1.0/DynamicMedia/" xmlns:xmpG="http://ns.adobe.com/xap/1.0/g/" xmlns:xmpMM="http://ns.adobe.com/xap/1.0/mm/" xmlns:tscDM="http://www.techsmith.com/xmp/tscDM/" xmlns:tscIQ="http://www.techsmith.com/xmp/tscIQ/" xmlns:tscHS="http://www.techsmith.com/xmp/tscHS/" xmlns:stDim="http://ns.adobe.com/xap/1.0/sType/Dimensions#" xmlns:stFnt="http://ns.adobe.com/xap/1.0/sType/Font#" xmlns:exif="http://ns.adobe.com/exif/1.0" xmlns:dc="http://purl.org/dc/elements/1.1/">
      <rdf:Description dc:creator="@Nishava" dc:date="2017-12-21 01:28:50 PM" dc:source="Camtasia,9.1.1,enu" dc:title="L11Demo2" tscDM:firstFrame="L11Demo2_First_Frame.png" tscDM:iPodExplicit="Clean" tscDM:originId="3F99A8B1-66E6-4C48-A618-B428E92BBD00" tscDM:project="L11Demo2final">
         <xmpDM:duration xmpDM:scale="1/1000" xmpDM:value="1754133"/>
         <xmpDM:videoFrameSize stDim:unit="pixel" stDim:h="624" stDim:w="1364"/>
         <tsc:langName>
            <rdf:Bag>
               <rdf:li xml:lang="en-US">English</rdf:li></rdf:Bag>
         </tsc:langName>
         <xmpDM:Tracks>
            <rdf:Bag>
               <rdf:li>
                  <rdf:Description xmpDM:trackType="TableOfContents" xmpDM:frameRate="f1000" xmpDM:trackName="Table of Contents">
                     <xmpDM:markers>
                        <rdf:Seq>
                           <rdf:li><rdf:Description xmpDM:name="  1. Introduction" xmpDM:startTime="0" tscDM:image="L11Demo2_Thumbnails.png" tscDM:imageindex="0" tscDM:imageoffset="0" tscDM:imagerect="0, 0, 75, 34"/></rdf:li><rdf:li><rdf:Description xmpDM:name="  2. Create Vnet Prod" xmpDM:startTime="8567" tscDM:image="L11Demo2_Thumbnails.png" tscDM:imageindex="1" tscDM:imageoffset="0" tscDM:imagerect="75, 0, 75, 34"/></rdf:li><rdf:li><rdf:Description xmpDM:name="  3. Verify All Resources" xmpDM:startTime="73100" tscDM:image="L11Demo2_Thumbnails.png" tscDM:imageindex="2" tscDM:imageoffset="0" tscDM:imagerect="150, 0, 75, 34"/></rdf:li><rdf:li><rdf:Description xmpDM:name="  4. Add Subnet BackEnd" xmpDM:startTime="101667" tscDM:image="L11Demo2_Thumbnails.png" tscDM:imageindex="3" tscDM:imageoffset="0" tscDM:imagerect="225, 0, 75, 34"/></rdf:li><rdf:li><rdf:Description xmpDM:name="  5. Modify Subnet FrontEnd" xmpDM:startTime="150200" tscDM:image="L11Demo2_Thumbnails.png" tscDM:imageindex="4" tscDM:imageoffset="0" tscDM:imagerect="300, 0, 75, 34"/></rdf:li><rdf:li><rdf:Description xmpDM:name="  6. Edit Error FrontEnd Address Range " xmpDM:startTime="150400" tscDM:image="L11Demo2_Thumbnails.png" tscDM:imageindex="5" tscDM:imageoffset="0" tscDM:imagerect="375, 0, 75, 34"/></rdf:li><rdf:li><rdf:Description xmpDM:name="  7. First Delete BackEnd IP Addreses" xmpDM:startTime="165733" tscDM:image="L11Demo2_Thumbnails.png" tscDM:imageindex="6" tscDM:imageoffset="0" tscDM:imagerect="450, 0, 75, 34"/></rdf:li><rdf:li><rdf:Description xmpDM:name="  8. Deleted" xmpDM:startTime="172567" tscDM:image="L11Demo2_Thumbnails.png" tscDM:imageindex="7" tscDM:imageoffset="0" tscDM:imagerect="525, 0, 75, 34"/></rdf:li><rdf:li><rdf:Description xmpDM:name="  9. Second Modify FrontEnd Subnet" xmpDM:startTime="173467" tscDM:image="L11Demo2_Thumbnails.png" tscDM:imageindex="8" tscDM:imageoffset="0" tscDM:imagerect="600, 0, 75, 34"/></rdf:li><rdf:li><rdf:Description xmpDM:name="10. Third Recreate BackEnd Subnet" xmpDM:startTime="190733" tscDM:image="L11Demo2_Thumbnails.png" tscDM:imageindex="9" tscDM:imageoffset="0" tscDM:imagerect="675, 0, 75, 34"/></rdf:li><rdf:li><rdf:Description xmpDM:name="11. Review Subnet Available Addresses" xmpDM:startTime="221633" tscDM:image="L11Demo2_Thumbnails.png" tscDM:imageindex="10" tscDM:imageoffset="0" tscDM:imagerect="750, 0, 75, 34"/></rdf:li><rdf:li><rdf:Description xmpDM:name="12. Create 5 VMs in VNet" xmpDM:startTime="222133" tscDM:image="L11Demo2_Thumbnails.png" tscDM:imageindex="11" tscDM:imageoffset="0" tscDM:imagerect="825, 0, 75, 34"/></rdf:li><rdf:li><rdf:Description xmpDM:name="13. Create DB1 Win Server 2012 R2" xmpDM:startTime="246433" tscDM:image="L11Demo2_Thumbnails.png" tscDM:imageindex="12" tscDM:imageoffset="0" tscDM:imagerect="900, 0, 75, 34"/></rdf:li><rdf:li><rdf:Description xmpDM:name="14. Create Availability Set - loadbalancers" xmpDM:startTime="316200" tscDM:image="L11Demo2_Thumbnails.png" tscDM:imageindex="13" tscDM:imageoffset="0" tscDM:imagerect="975, 0, 75, 34"/></rdf:li><rdf:li><rdf:Description xmpDM:name="15. DB1 Static Public IP" xmpDM:startTime="366067" tscDM:image="L11Demo2_Thumbnails.png" tscDM:imageindex="14" tscDM:imageoffset="0" tscDM:imagerect="1050, 0, 75, 34"/></rdf:li><rdf:li><rdf:Description xmpDM:name="16. DB1 Network Security Group (NSG)" xmpDM:startTime="387400" tscDM:image="L11Demo2_Thumbnails.png" tscDM:imageindex="15" tscDM:imageoffset="0" tscDM:imagerect="1125, 0, 75, 34"/></rdf:li><rdf:li><rdf:Description xmpDM:name="17. Deployment DB1 VM  In Progress" xmpDM:startTime="430033" tscDM:image="L11Demo2_Thumbnails.png" tscDM:imageindex="16" tscDM:imageoffset="0" tscDM:imagerect="1200, 0, 75, 34"/></rdf:li><rdf:li><rdf:Description xmpDM:name="18. Create 4 other VMs (should script out)" xmpDM:startTime="430933" tscDM:image="L11Demo2_Thumbnails.png" tscDM:imageindex="17" tscDM:imageoffset="0" tscDM:imagerect="1275, 0, 75, 34"/></rdf:li><rdf:li><rdf:Description xmpDM:name="19. Error Avaiability Due to Size (HDD/SSD)" xmpDM:startTime="501100" tscDM:image="L11Demo2_Thumbnails.png" tscDM:imageindex="18" tscDM:imageoffset="0" tscDM:imagerect="1350, 0, 75, 34"/></rdf:li><rdf:li><rdf:Description xmpDM:name="20. DB2  Settings Availability None" xmpDM:startTime="508533" tscDM:image="L11Demo2_Thumbnails.png" tscDM:imageindex="19" tscDM:imageoffset="0" tscDM:imagerect="1425, 0, 75, 34"/></rdf:li><rdf:li><rdf:Description xmpDM:name="21. DB2 BackEnd Subnet Settings " xmpDM:startTime="508867" tscDM:image="L11Demo2_Thumbnails.png" tscDM:imageindex="20" tscDM:imageoffset="0" tscDM:imagerect="1500, 0, 75, 34"/></rdf:li><rdf:li><rdf:Description xmpDM:name="22. DB VMs Deployed Verify Resources " xmpDM:startTime="544200" tscDM:image="L11Demo2_Thumbnails.png" tscDM:imageindex="21" tscDM:imageoffset="0" tscDM:imagerect="1575, 0, 75, 34"/></rdf:li><rdf:li><rdf:Description xmpDM:name="23. VNetLB Resources DB1 Network Interface" xmpDM:startTime="546667" tscDM:image="L11Demo2_Thumbnails.png" tscDM:imageindex="22" tscDM:imageoffset="0" tscDM:imagerect="1650, 0, 75, 34"/></rdf:li><rdf:li><rdf:Description xmpDM:name="24. Modify DB1 IP Configuration" xmpDM:startTime="551333" tscDM:image="L11Demo2_Thumbnails.png" tscDM:imageindex="23" tscDM:imageoffset="0" tscDM:imagerect="1725, 0, 75, 34"/></rdf:li><rdf:li><rdf:Description xmpDM:name="25. Modify DB2 ipconfig" xmpDM:startTime="587400" tscDM:image="L11Demo2_Thumbnails.png" tscDM:imageindex="24" tscDM:imageoffset="0" tscDM:imagerect="1800, 0, 75, 34"/></rdf:li><rdf:li><rdf:Description xmpDM:name="26. DB Saved Network Interfaces" xmpDM:startTime="609033" tscDM:image="L11Demo2_Thumbnails.png" tscDM:imageindex="25" tscDM:imageoffset="0" tscDM:imagerect="1875, 0, 75, 34"/></rdf:li><rdf:li><rdf:Description xmpDM:name="27. Verify DB Connectivity Internet" xmpDM:startTime="628000" tscDM:image="L11Demo2_Thumbnails.png" tscDM:imageindex="26" tscDM:imageoffset="0" tscDM:imagerect="1950, 0, 75, 34"/></rdf:li><rdf:li><rdf:Description xmpDM:name="28. Create Web Server VMs (should script)" xmpDM:startTime="649667" tscDM:image="L11Demo2_Thumbnails.png" tscDM:imageindex="27" tscDM:imageoffset="0" tscDM:imagerect="2025, 0, 75, 34"/></rdf:li><rdf:li><rdf:Description xmpDM:name="29. Create Web2 VM in VNetLB" xmpDM:startTime="736800" tscDM:image="L11Demo2_Thumbnails.png" tscDM:imageindex="28" tscDM:imageoffset="0" tscDM:imagerect="2100, 0, 75, 34"/></rdf:li><rdf:li><rdf:Description xmpDM:name="30. Create Web3 in VNetLB" xmpDM:startTime="784667" tscDM:image="L11Demo2_Thumbnails.png" tscDM:imageindex="29" tscDM:imageoffset="0" tscDM:imagerect="2175, 0, 75, 34"/></rdf:li><rdf:li><rdf:Description xmpDM:name="31. Deploys Succeeded" xmpDM:startTime="857667" tscDM:image="L11Demo2_Thumbnails.png" tscDM:imageindex="30" tscDM:imageoffset="0" tscDM:imagerect="2250, 0, 75, 34"/></rdf:li><rdf:li><rdf:Description xmpDM:name="32. Web1 Public IP Address" xmpDM:startTime="873133" tscDM:image="L11Demo2_Thumbnails.png" tscDM:imageindex="31" tscDM:imageoffset="0" tscDM:imagerect="2325, 0, 75, 34"/></rdf:li><rdf:li><rdf:Description xmpDM:name="33. Web1 DNS name" xmpDM:startTime="883367" tscDM:image="L11Demo2_Thumbnails.png" tscDM:imageindex="32" tscDM:imageoffset="0" tscDM:imagerect="2400, 0, 75, 34"/></rdf:li><rdf:li><rdf:Description xmpDM:name="34. Save Web1 IP Configuration" xmpDM:startTime="890600" tscDM:image="L11Demo2_Thumbnails.png" tscDM:imageindex="33" tscDM:imageoffset="0" tscDM:imagerect="2475, 0, 75, 34"/></rdf:li><rdf:li><rdf:Description xmpDM:name="35. Check All Resources" xmpDM:startTime="899600" tscDM:image="L11Demo2_Thumbnails.png" tscDM:imageindex="34" tscDM:imageoffset="0" tscDM:imagerect="2550, 0, 75, 34"/></rdf:li><rdf:li><rdf:Description xmpDM:name="36. Web1  IP Configurations" xmpDM:startTime="916033" tscDM:image="L11Demo2_Thumbnails.png" tscDM:imageindex="35" tscDM:imageoffset="0" tscDM:imagerect="2625, 0, 75, 34"/></rdf:li><rdf:li><rdf:Description xmpDM:name="37. Web1 Availability Set (cannot modify)" xmpDM:startTime="921733" tscDM:image="L11Demo2_Thumbnails.png" tscDM:imageindex="36" tscDM:imageoffset="0" tscDM:imagerect="2700, 0, 75, 34"/></rdf:li><rdf:li><rdf:Description xmpDM:name="38. Delete Web1" xmpDM:startTime="943367" tscDM:image="L11Demo2_Thumbnails.png" tscDM:imageindex="37" tscDM:imageoffset="0" tscDM:imagerect="2775, 0, 75, 34"/></rdf:li><rdf:li><rdf:Description xmpDM:name="39. Web1 VM deleted" xmpDM:startTime="943767" tscDM:image="L11Demo2_Thumbnails.png" tscDM:imageindex="38" tscDM:imageoffset="0" tscDM:imagerect="2850, 0, 75, 34"/></rdf:li><rdf:li><rdf:Description xmpDM:name="40. Create new web1 VM with availability" xmpDM:startTime="944100" tscDM:image="L11Demo2_Thumbnails.png" tscDM:imageindex="39" tscDM:imageoffset="0" tscDM:imagerect="2925, 0, 75, 34"/></rdf:li><rdf:li><rdf:Description xmpDM:name="41. Confirm web1 IP Address &amp; Availability" xmpDM:startTime="1069633" tscDM:image="L11Demo2_Thumbnails.png" tscDM:imageindex="40" tscDM:imageoffset="0" tscDM:imagerect="3000, 0, 75, 34"/></rdf:li><rdf:li><rdf:Description xmpDM:name="42. Connect to web1 VM" xmpDM:startTime="1123533" tscDM:image="L11Demo2_Thumbnails.png" tscDM:imageindex="41" tscDM:imageoffset="0" tscDM:imagerect="3075, 0, 75, 34"/></rdf:li><rdf:li><rdf:Description xmpDM:name="43. web1 availability set" xmpDM:startTime="1127433" tscDM:image="L11Demo2_Thumbnails.png" tscDM:imageindex="42" tscDM:imageoffset="0" tscDM:imagerect="3150, 0, 75, 34"/></rdf:li><rdf:li><rdf:Description xmpDM:name="44. Create New Load Balancer" xmpDM:startTime="1134167" tscDM:image="L11Demo2_Thumbnails.png" tscDM:imageindex="43" tscDM:imageoffset="0" tscDM:imagerect="3225, 0, 75, 34"/></rdf:li><rdf:li><rdf:Description xmpDM:name="45. Check All  VNetLB Resources" xmpDM:startTime="1270300" tscDM:image="L11Demo2_Thumbnails.png" tscDM:imageindex="44" tscDM:imageoffset="0" tscDM:imagerect="3300, 0, 75, 34"/></rdf:li><rdf:li><rdf:Description xmpDM:name="46. Verify Load Balancer" xmpDM:startTime="1271000" tscDM:image="L11Demo2_Thumbnails.png" tscDM:imageindex="45" tscDM:imageoffset="0" tscDM:imagerect="3375, 0, 75, 34"/></rdf:li><rdf:li><rdf:Description xmpDM:name="47. ILBpublic Add Backend pools" xmpDM:startTime="1273733" tscDM:image="L11Demo2_Thumbnails.png" tscDM:imageindex="46" tscDM:imageoffset="0" tscDM:imagerect="3450, 0, 75, 34"/></rdf:li><rdf:li><rdf:Description xmpDM:name="48. ILBpublic availability set" xmpDM:startTime="1275433" tscDM:image="L11Demo2_Thumbnails.png" tscDM:imageindex="47" tscDM:imageoffset="0" tscDM:imagerect="3525, 0, 75, 34"/></rdf:li><rdf:li><rdf:Description xmpDM:name="49. ILBpublic Network IP Configuration" xmpDM:startTime="1304433" tscDM:image="L11Demo2_Thumbnails.png" tscDM:imageindex="48" tscDM:imageoffset="0" tscDM:imagerect="3600, 0, 75, 34"/></rdf:li><rdf:li><rdf:Description xmpDM:name="50. ILBpublic backend pool name" xmpDM:startTime="1310867" tscDM:image="L11Demo2_Thumbnails.png" tscDM:imageindex="49" tscDM:imageoffset="0" tscDM:imagerect="3675, 0, 75, 34"/></rdf:li><rdf:li><rdf:Description xmpDM:name="51. View  ILB Backend Pools (VMs)" xmpDM:startTime="1315900" tscDM:image="L11Demo2_Thumbnails.png" tscDM:imageindex="50" tscDM:imageoffset="0" tscDM:imagerect="3750, 0, 75, 34"/></rdf:li><rdf:li><rdf:Description xmpDM:name="52. Connect  to  ILB VMs web1" xmpDM:startTime="1342100" tscDM:image="L11Demo2_Thumbnails.png" tscDM:imageindex="51" tscDM:imageoffset="0" tscDM:imagerect="3825, 0, 75, 34"/></rdf:li><rdf:li><rdf:Description xmpDM:name="53. Save web1.rdp" xmpDM:startTime="1343500" tscDM:image="L11Demo2_Thumbnails.png" tscDM:imageindex="52" tscDM:imageoffset="0" tscDM:imagerect="3900, 0, 75, 34"/></rdf:li><rdf:li><rdf:Description xmpDM:name="54. VNet Login web1.rdp" xmpDM:startTime="1358167" tscDM:image="L11Demo2_Thumbnails.png" tscDM:imageindex="53" tscDM:imageoffset="0" tscDM:imagerect="3975, 0, 75, 34"/></rdf:li><rdf:li><rdf:Description xmpDM:name="55. Disconnect  RDP" xmpDM:startTime="1477367" tscDM:image="L11Demo2_Thumbnails.png" tscDM:imageindex="54" tscDM:imageoffset="0" tscDM:imagerect="50, 34, 75, 34"/></rdf:li><rdf:li><rdf:Description xmpDM:name="56. ILBpublic  Add Load Balancing Rules" xmpDM:startTime="1516267" tscDM:image="L11Demo2_Thumbnails.png" tscDM:imageindex="55" tscDM:imageoffset="0" tscDM:imagerect="125, 34, 75, 34"/></rdf:li><rdf:li><rdf:Description xmpDM:name="57. Inbound NAT rules (TCP or HTTPS etc)" xmpDM:startTime="1554867" tscDM:image="L11Demo2_Thumbnails.png" tscDM:imageindex="56" tscDM:imageoffset="0" tscDM:imagerect="200, 34, 75, 34"/></rdf:li><rdf:li><rdf:Description xmpDM:name="58. Check ILBpublic Inbound NAT Rules" xmpDM:startTime="1676733" tscDM:image="L11Demo2_Thumbnails.png" tscDM:imageindex="57" tscDM:imageoffset="0" tscDM:imagerect="275, 34, 75, 34"/></rdf:li><rdf:li><rdf:Description xmpDM:name="59. RDP" xmpDM:startTime="1678367" tscDM:image="L11Demo2_Thumbnails.png" tscDM:imageindex="58" tscDM:imageoffset="0" tscDM:imagerect="350, 34, 75, 34"/></rdf:li><rdf:li><rdf:Description xmpDM:name="60. Load Balancer Activity Log" xmpDM:startTime="1714167" tscDM:image="L11Demo2_Thumbnails.png" tscDM:imageindex="59" tscDM:imageoffset="0" tscDM:imagerect="425, 34, 75, 34"/></rdf:li><rdf:li><rdf:Description xmpDM:name="61. Overview Load balancer ILBpublic" xmpDM:startTime="1715967" tscDM:image="L11Demo2_Thumbnails.png" tscDM:imageindex="60" tscDM:imageoffset="0" tscDM:imagerect="500, 34, 75, 34"/></rdf:li></rdf:Seq>
                     </xmpDM:markers>
                  </rdf:Description>
               </rdf:li>
            </rdf:Bag>
         </xmpDM:Tracks>
         <tscDM:controller>
            <rdf:Description xmpDM:name="tscplayer">
               <tscDM:parameters>
                  <rdf:Bag>
                     <rdf:li xmpDM:name="autohide" xmpDM:value="true"/><rdf:li xmpDM:name="autoplay" xmpDM:value="false"/><rdf:li xmpDM:name="loop" xmpDM:value="false"/><rdf:li xmpDM:name="searchable" xmpDM:value="true"/><rdf:li xmpDM:name="captionsenabled" xmpDM:value="false"/><rdf:li xmpDM:name="sidebarenabled" xmpDM:value="true"/><rdf:li xmpDM:name="unicodeenabled" xmpDM:value="false"/><rdf:li xmpDM:name="backgroundcolor" xmpDM:value="000000"/><rdf:li xmpDM:name="sidebarlocation" xmpDM:value="left"/><rdf:li xmpDM:name="endaction" xmpDM:value="stop"/><rdf:li xmpDM:name="endactionparam" xmpDM:value="true"/><rdf:li xmpDM:name="locale" xmpDM:value="en-US"/></rdf:Bag>
               </tscDM:parameters>
               <tscDM:controllerText>
                  <rdf:Bag>
                  </rdf:Bag>
               </tscDM:controllerText>
            </rdf:Description>
         </tscDM:controller>
         <tscDM:contentList>
            <rdf:Description>
               <tscDM:files>
                  <rdf:Seq>
                     <rdf:li xmpDM:name="0" xmpDM:value="L11Demo2.mp4"/><rdf:li xmpDM:name="1" xmpDM:value="L11Demo2_First_Frame.png"/><rdf:li xmpDM:name="2" xmpDM:value="L11Demo2_Thumbnails.png"/></rdf:Seq>
               </tscDM:files>
            </rdf:Description>
         </tscDM:contentList>
      </rdf:Description>
   </rdf:RDF>
</x:xmpmeta>